{
    "predicted_label": 2,
    "predicted_class": "High (\u20b930k-\u20b960k)",
    "probabilities": [
        0.022691044956445694,
        0.46732571721076965,
        0.5017533302307129,
        0.008229926228523254
    ]
}