{
    "predicted_label": 1,
    "predicted_class": "Medium (\u20b910k-\u20b930k)",
    "probabilities": [
        0.002827065298333764,
        0.9962009787559509,
        0.0006699370569549501,
        0.000301967142149806
    ]
}