{
    "predicted_label": 2,
    "predicted_class": "High (\u20b930k-\u20b960k)",
    "probabilities": [
        9.986482473323122e-05,
        0.0016979796346276999,
        0.9974328875541687,
        0.0007693059742450714
    ]
}