{
    "predicted_label": 2,
    "predicted_class": "High (\u20b930k-\u20b960k)",
    "probabilities": [
        0.0010194572387263179,
        0.038099464029073715,
        0.9598124027252197,
        0.0010686409659683704
    ]
}