{
    "predicted_label": 1,
    "predicted_class": "Medium (\u20b910k-\u20b930k)",
    "probabilities": [
        0.0013299346901476383,
        0.9972019195556641,
        0.0009888495551422238,
        0.00047935580369085073
    ]
}