{
    "predicted_label": 2,
    "predicted_class": "High (\u20b930k-\u20b960k)",
    "probabilities": [
        0.00030050298664718866,
        0.000361652608262375,
        0.9667574763298035,
        0.03258039802312851
    ]
}