{
    "predicted_label": 2,
    "predicted_class": "High (\u20b930k-\u20b960k)",
    "probabilities": [
        1.1011744390998501e-05,
        0.0017155264504253864,
        0.9981720447540283,
        0.00010139333608094603
    ]
}