{
    "predicted_label": 2,
    "predicted_class": "High (\u20b930k-\u20b960k)",
    "probabilities": [
        0.00029851391445845366,
        0.038869764655828476,
        0.9599344730377197,
        0.0008972707437351346
    ]
}