{
    "predicted_label": 1,
    "predicted_class": "Medium (\u20b910k-\u20b930k)",
    "probabilities": [
        0.012431911192834377,
        0.9858594536781311,
        0.0012221658835187554,
        0.0004864720976911485
    ]
}