{
    "predicted_label": 1,
    "predicted_class": "Medium (\u20b910k-\u20b930k)",
    "probabilities": [
        0.00017780603957362473,
        0.9857599139213562,
        0.012277108617126942,
        0.0017851566663011909
    ]
}