{
    "predicted_label": 3,
    "predicted_class": "Very High (>\u20b960k)",
    "probabilities": [
        1.7352876966469921e-06,
        1.989841621252708e-06,
        0.00010091107833432034,
        0.9998953342437744
    ]
}