{
    "predicted_label": 0,
    "predicted_class": "Low (<\u20b910k)",
    "probabilities": [
        0.9987994432449341,
        0.0010583705734461546,
        9.764589776750654e-05,
        4.4486096157925203e-05
    ]
}