{
    "predicted_label": 3,
    "predicted_class": "Very High (>\u20b960k)",
    "probabilities": [
        8.967371104517952e-05,
        9.565163782099262e-05,
        0.2640903890132904,
        0.7357242703437805
    ]
}