{
    "predicted_label": 0,
    "predicted_class": "Low (<\u20b910k)",
    "probabilities": [
        0.9971815347671509,
        0.0027268598787486553,
        5.63210851396434e-05,
        3.533364724717103e-05
    ]
}