{
    "predicted_label": 1,
    "predicted_class": "Medium (\u20b910k-\u20b930k)",
    "probabilities": [
        0.0016123094828799367,
        0.8147008419036865,
        0.1833667904138565,
        0.00032007452682591975
    ]
}