{
    "predicted_label": 3,
    "predicted_class": "Very High (>\u20b960k)",
    "probabilities": [
        3.626239788445673e-07,
        5.438659513856692e-07,
        3.488606353130308e-06,
        0.9999955892562866
    ]
}