{
    "predicted_label": 1,
    "predicted_class": "Medium (\u20b910k-\u20b930k)",
    "probabilities": [
        0.0845213532447815,
        0.9133127927780151,
        0.0012808783212676644,
        0.0008849728619679809
    ]
}