{
    "predicted_label": 3,
    "predicted_class": "Very High (>\u20b960k)",
    "probabilities": [
        9.044327271112707e-06,
        1.690693898126483e-05,
        0.0002506180899217725,
        0.9997233748435974
    ]
}