{
    "predicted_label": 3,
    "predicted_class": "Very High (>\u20b960k)",
    "probabilities": [
        1.1155337915624841e-06,
        1.3110574172969791e-06,
        1.83170832315227e-05,
        0.9999792575836182
    ]
}