{
    "predicted_label": 3,
    "predicted_class": "Very High (>\u20b960k)",
    "probabilities": [
        6.42924396743183e-06,
        8.5788879005122e-06,
        0.022987743839621544,
        0.9769972562789917
    ]
}