{
    "predicted_label": 0,
    "predicted_class": "Low (<\u20b910k)",
    "probabilities": [
        0.9983739852905273,
        0.0015370307955890894,
        6.266341370064765e-05,
        2.6272196919308044e-05
    ]
}