{
    "predicted_label": 2,
    "predicted_class": "High (\u20b930k-\u20b960k)",
    "probabilities": [
        0.0010214101057499647,
        0.0054951012134552,
        0.7354626059532166,
        0.25802087783813477
    ]
}