{
    "predicted_label": 2,
    "predicted_class": "High (\u20b930k-\u20b960k)",
    "probabilities": [
        0.0010711268987506628,
        0.29026055335998535,
        0.707223653793335,
        0.001444701454602182
    ]
}