{
    "predicted_label": 0,
    "predicted_class": "Low (<\u20b910k)",
    "probabilities": [
        0.9393007755279541,
        0.06012416258454323,
        0.00044078310020267963,
        0.0001342910691164434
    ]
}