{
    "predicted_label": 2,
    "predicted_class": "High (\u20b930k-\u20b960k)",
    "probabilities": [
        0.0014721450861543417,
        0.06924618035554886,
        0.9270259737968445,
        0.0022556555923074484
    ]
}