{
    "predicted_label": 2,
    "predicted_class": "High (\u20b930k-\u20b960k)",
    "probabilities": [
        0.00016056033200584352,
        0.017593050375580788,
        0.9817619323730469,
        0.00048441256512887776
    ]
}