{
    "predicted_label": 0,
    "predicted_class": "Low (<\u20b910k)",
    "probabilities": [
        0.9981827735900879,
        0.0017393131274729967,
        5.5242977396119386e-05,
        2.2642263502348214e-05
    ]
}