{
    "predicted_label": 0,
    "predicted_class": "Low (<\u20b910k)",
    "probabilities": [
        0.7477318048477173,
        0.2514505982398987,
        0.0007113433093763888,
        0.00010624349670251831
    ]
}