{
    "predicted_label": 3,
    "predicted_class": "Very High (>\u20b960k)",
    "probabilities": [
        3.977585492975777e-06,
        5.134111688676057e-06,
        0.00011110911873402074,
        0.9998797178268433
    ]
}