{
    "predicted_label": 3,
    "predicted_class": "Very High (>\u20b960k)",
    "probabilities": [
        1.8893248352469527e-06,
        2.7854987365572015e-06,
        0.00014722639753017575,
        0.9998481273651123
    ]
}