{
    "predicted_label": 0,
    "predicted_class": "Low (<\u20b910k)",
    "probabilities": [
        0.9856955409049988,
        0.012620439752936363,
        0.001411129836924374,
        0.0002728944818954915
    ]
}