{
    "predicted_label": 1,
    "predicted_class": "Medium (\u20b910k-\u20b930k)",
    "probabilities": [
        0.0011724460637196898,
        0.9755650758743286,
        0.02039225399494171,
        0.002870208118110895
    ]
}