{
    "predicted_label": 0,
    "predicted_class": "Low (<\u20b910k)",
    "probabilities": [
        0.9948880076408386,
        0.004794406238943338,
        0.00022718611580785364,
        9.042934107128531e-05
    ]
}