{
    "predicted_label": 0,
    "predicted_class": "Low (<\u20b910k)",
    "probabilities": [
        0.9427661895751953,
        0.05629019811749458,
        0.0005691517726518214,
        0.00037446091300807893
    ]
}